author,title,language,visible
Terry Pratchett,Barva kouzel,CZ,True
Terry Pratchett,Lehké fantastično,CZ,True
Terry Pratchett,Čaroprávnost,CZ,True
Terry Pratchett,Mort,CZ,True
Terry Pratchett,Magický prazdroj,CZ,True
Terry Pratchett,Soudné sestry,CZ,True
Terry Pratchett,Pyramidy,CZ,True
Terry Pratchett,Stráže! Stráže!,CZ,True
Terry Pratchett,Erik,CZ,True
Terry Pratchett,Pohyblivé obrázky,CZ,True
Terry Pratchett,Sekáč,CZ,True
Terry Pratchett,Čarodějky na cestách,CZ,True
Terry Pratchett,Malí bohové,CZ,True
Terry Pratchett,Dámy a pánové,CZ,True
Terry Pratchett,Muži ve zbrani,CZ,True
Terry Pratchett,Těžké melodično,CZ,True
Terry Pratchett,Zajímavé časy,CZ,True
Terry Pratchett,Maškaráda,CZ,True
Terry Pratchett,Nohy z jílu,CZ,True
Terry Pratchett,Otec prasátek,CZ,True
Terry Pratchett,Hrrr na ně!,CZ,True
Terry Pratchett,Poslední kontinent,CZ,True
Terry Pratchett,Carpe Jugulum,CZ,True
Terry Pratchett,Pátý elefant,CZ,True
Terry Pratchett,Pravda,CZ,True
Terry Pratchett,Zloděj času,CZ,True
Terry Pratchett,Poslední hrdina,CZ,True
Terry Pratchett,Úžasný Mauric a jeho vzdělaní hlodavci,CZ,True
Terry Pratchett,Noční hlídka,CZ,True
Terry Pratchett,Svobodnej národ,CZ,True
Terry Pratchett,Podivný regiment,CZ,True
Terry Pratchett,Klobouk s oblohou,CZ,True
Terry Pratchett,Zaslaná pošta,CZ,True
Terry Pratchett,Buch!,CZ,True
Terry Pratchett,Zimoděj,CZ,True
Terry Pratchett,Nadělat prachy,CZ,True
Terry Pratchett,Nevídaní akademikové,CZ,True
Terry Pratchett,Obléknu si půlnoc,CZ,True
Terry Pratchett,Šňupec,CZ,True
Terry Pratchett,Pod parou,CZ,True
Terry Pratchett,Pastýřská koruna,CZ,True
Terry Pratchett,Jedním tahem pera,CZ,True
Terry Pratchett,Nefalšovaná kočka,CZ,True
Terry Pratchett,Národ,CZ,True
Terry Pratchett,Otec prasátek – ilustrovaný scénář,CZ,True
Terry Pratchett,Kdepak je má kravička,CZ,True
Jennifer L. Armentrout,Z krve a popela,CZ,True
Jennifer L. Armentrout,Království těla a ohně,CZ,True
Jennifer L. Armentrout,Koruna z kostí a zlata,CZ,True
Jennifer L. Armentrout,Válka dvou královen,CZ,True
Jennifer L. Armentrout,Duše krve a popela,CZ,True
Jennifer L. Armentrout,Světlo v plameni,CZ,True
Jennifer L. Armentrout,Oheň v těle,CZ,True
Jennifer L. Armentrout,Zrozená z krve a popela,CZ,True
Jennifer L. Armentrout,Vize těla a krve,CZ,True
Jennifer L. Armentrout,Pád zkázy a hněvu,CZ,True
Jennifer L. Armentrout,Polokrevní,CZ,True
Jennifer L. Armentrout,Čistokrevní,CZ,True
Jennifer L. Armentrout,Polibek bez duše,CZ,True
Jennifer L. Armentrout,Dotek jako led,CZ,True
Jennifer L. Armentrout,Každý tvůj nádech,CZ,True
Jennifer L. Armentrout,Bouře a běs,CZ,True
Jennifer L. Armentrout,Zlost a zkáza,CZ,True
Jennifer L. Armentrout,Sláva a smrt,CZ,True
Laurie Forest,Černá čarodějka,CZ,True
Laurie Forest,Vzpurné mágyně,CZ,True
Laurie Forest,Květ železného stromu,CZ,True
Laurie Forest,Stínová hůlka,CZ,True
Laurie Forest,Příliv démonů,CZ,True
Lynette Noni,Královna rebelů,CZ,True
Lynette Noni,Zlatá klec,CZ,True
Lynette Noni,Zrádci krve,CZ,True
Elise Kova,Šepot kouzel,CZ,True
Elise Kova,Tanec stínů,CZ,True
Sabaa Tahirová,Jiskra v popelu,CZ,True
Sabaa Tahirová,Plamen v temnotě,CZ,True
Sabaa Tahirová,Smrt před branami,CZ,True
Sabaa Tahirová,Nebe po bouři,CZ,True
Lexi Ryanová,Prázdné sliby,CZ,True
Lexi Ryanová,Zvrácená pouta,CZ,True
Lexi Ryanová,Prokleté hvězdy,CZ,True
Rebecca Yarros,Čtvrté křídlo,CZ,True
Rebecca Yarros,Železný plamen,CZ,True
Rebecca Yarros,Onyxová bouře,CZ,True
Sarah J. Maas,Rod země a krve,CZ,True
Sarah J. Maas,Rod nebes a dechu,CZ,True
Sarah J. Maas,Rod plamene a stínu,CZ,True
Sarah J. Maas,Skleněný trůn,CZ,True
Sarah J. Maas,Půlnoční koruna,CZ,True
Sarah J. Maas,Dědička ohně,CZ,True
Sarah J. Maas,Královna stínů,CZ,True
Sarah J. Maas,Říše bouří,CZ,True
Sarah J. Maas,Království popela,CZ,True
Sarah J. Maas,Věž úsvitu,CZ,True
Sarah J. Maas,Krvavé ostří,CZ,True
Sarah J. Maas,Dvůr trnů a růží,CZ,True
Sarah J. Maas,Dvůr mlhy a hněvu,CZ,True
Sarah J. Maas,Dvůr křídel a zmaru,CZ,True
Sarah J. Maas,Dvůr mrazu a hvězd,CZ,True
Sarah J. Maas,Dvůr stříbrných plamenů,CZ,True
Elizabeth Briggs,Třinácté znamení,CZ,True
Elizabeth Briggs,Osudové pouto,CZ,True
Elizabeth Briggs,Měsíční čarodějky,CZ,True
Elizabeth Briggs,Odhalená pravda,CZ,True
Elizabeth Briggs,Další osudy,CZ,True
Krystal Camprubiová; Édouard Kloczko,Tolkien a jeho tajemný svět,CZ,True
Tim Dedopulos,Hádanky a hlavolamy ze světa Středozemě,CZ,True
Brian Sibley; John Howe,There and Back Again,AJ,True
J. R. R. Tolkien,Húrinovy děti,CZ,True
J. R. R. Tolkien,Netvoři a kritikové a jiné eseje,CZ,True
J. R. R. Tolkien,List od Nimrala a jiné příběhy,CZ,True
J. R. R. Tolkien,Nedokončené příběhy,CZ,True
J. R. R. Tolkien,Silmarillion,CZ,True
J. R. R. Tolkien,Hobit,CZ,True
J. R. R. Tolkien,Společenstvo prstenu,CZ,True
J. R. R. Tolkien,Dvě věže,CZ,True
J. R. R. Tolkien,Návrat krále,CZ,True
J. R. R. Tolkien,The Hobbit,AJ,True
J. R. R. Tolkien,The Fellowship of the Ring,AJ,True
J. R. R. Tolkien,The Two Towers,AJ,True
J. R. R. Tolkien,The Return of the King,AJ,True
Stephen King,Pistolník,CZ,True
Stephen King,Tři vyvolení,CZ,True
Stephen King,Pustiny,CZ,True
Stephen King,Čaroděj a sklo,CZ,True
Brian Keene,Ghúl,CZ,True
A. M. Shine,Zloději tváří,CZ,True
Nelly Černohorská,Čuňazie,CZ,True
Paul Tobin; Joe Querio,Zaklínač – Skleněný dům,CZ,True
Paul Tobin; Joe Querio,Zaklínač – Liščí děti,CZ,True
Paul Tobin; Piotr Kowalski,Zaklínač – Prokletí vran,CZ,True
Aleksandra Motyka; Marianna Strychowska,Zaklínač – Z masa a ohně,CZ,True
Bartosz Sztybor; Amad Mir; Vanesa Del Rey,Zaklínač – Blednoucí vzpomínky,CZ,True
Bartosz Sztybor; Vanesa Del Rey; Jordie Bellaire; Aditya Bidikar,Zaklínač – Nárek čarodějnic,CZ,True
Bartosz Sztybor; Miki Montlló; Otsmane-Elhaou,Zaklínač – Balada o dvou vlcích,CZ,True
Bartosz Sztybor; Natalia Rerekina; Delpeche; Otsmane-Elhaou,Zaklínač – Divoká zvířata,CZ,True
Andrzej Sapkowski,Poslední přání,CZ,True
Andrzej Sapkowski,Meč osudu,CZ,True
Andrzej Sapkowski,Krev elfů,CZ,True
Andrzej Sapkowski,Čas opovržení,CZ,True
Andrzej Sapkowski,Křest ohněm,CZ,True
Andrzej Sapkowski,Věž vlaštovky,CZ,True
Andrzej Sapkowski,Paní jezera,CZ,True
Andrzej Sapkowski,Bouřková sezóna,CZ,True
Stacey Marie Brown,Divoká říše,CZ,True
Stacey Marie Brown,Nezkrotná říše,CZ,True
Stacey Marie Brown,Mrtvá říše,CZ,True
Stacey Marie Brown,Zkažená říše,CZ,True
Stella Tack,Bojuj o svůj osud,CZ,True
Stella Tack,Bojuj o své srdce,CZ,True
A. K. Mulford,Dvůr vysoko v horách,CZ,True
A. K. Mulford,Čepel čarodějky,CZ,True
A. K. Mulford,Ztracená koruna,CZ,True
Hannah Whitten,Vlku zaslíbená,CZ,True
Hannah Whitten,Trůnu předurčená,CZ,True
Eleanor Corvin,Woodhill,CZ,True
Eleanor Corvin,Stíny zlatých srdcí,CZ,True
Leigh Bardugo,Světlo a stíny,CZ,True
Leigh Bardugo,Bouře a vzdor,CZ,True
Leigh Bardugo,Zkáza a naděje,CZ,True
Leigh Bardugo,Šest vran,CZ,True
Leigh Bardugo,Prohnilé město,CZ,True
Leigh Bardugo,Zjizvený král,CZ,True
Leigh Bardugo,Vláda vlků,CZ,True
Leigh Bardugo,Trnitá řeč,CZ,True
Leigh Bardugo,Život svatých,CZ,True
Leigh Bardugo; Dani Pendergast,Démon z lesů,CZ,True
Naomi Novik,Smrtící vzdělání,CZ,True
Naomi Novik,Poslední absolvent,CZ,True
Naomi Novik,Zlaté enklávy,CZ,True
Naomi Novik,V zajetí zimy,CZ,True
Naomi Novik,Ve stínu Hvozdu,CZ,True
Holly Black,Krutý princ,CZ,True
Holly Black,Ztracené sestry,CZ,True
Holly Black,Podlý král,CZ,True
Holly Black,Královna ničeho,CZ,True
Holly Black,Jak se král země víl naučil nenávidět příběhy,CZ,True
Holly Black,Ukradený dědic,CZ,True
Holly Black,Věznův trůn,CZ,True
Holly Black,Nejtemnější část lesa,CZ,True
Emily J. Taylor,Hotel Magnifique,AJ,True
?,Sherlock: Studie v růžové,CZ,True
?,Sherlock: Slepý bankéř,CZ,True
?,Sherlock: Velká hra,CZ,True
Rimui Yumin,Koncert na rozloučenou,CZ,True
?,Manga: Příběhy bratří Grimmů,CZ,True
?,Jednoho dne princeznou 1,CZ,True
?,Jednoho dne princeznou 2,CZ,True
?,Jednoho dne princeznou 3,CZ,True
?,Jednoho dne princeznou 4,CZ,True
?,Dívka ze země venku 1,CZ,True
?,Dívka ze země venku 2,CZ,True
?,Dívka ze země venku 3,CZ,True
?,Dívka ze země venku 4,CZ,True
?,Dívka ze země venku 5,CZ,True
?,Dívka ze země venku 6,CZ,True
?,Dívka ze země venku 7,CZ,True
?,Dívka ze země venku 8,CZ,True
?,Dívka ze země venku 9,CZ,True
?,Dívka ze země venku 10,CZ,True
?,Dívka ze země venku 11,CZ,True
?,Dívka ze země venku 12,CZ,True
?,Magie svaté je všemocná 1,CZ,True
?,Magie svaté je všemocná 2,CZ,True
?,Magie svaté je všemocná 3,CZ,True
?,Magie svaté je všemocná 4,CZ,True
?,Magie svaté je všemocná 5,CZ,True
?,Magie svaté je všemocná 6,CZ,True
?,Magie svaté je všemocná 7,CZ,True
?,Magie svaté je všemocná 8,CZ,True
?,Magie svaté je všemocná 9,CZ,True
?,Deníky apatykářky 1,CZ,True
?,Deníky apatykářky 2,CZ,True
?,Deníky apatykářky 3,CZ,True
?,Deníky apatykářky 4,CZ,True
Laura Kneidl; Bianca Iosivoni,Ve skrytu stínů,CZ,True
Laura Kneidl; Bianca Iosivoni,Krvavá magie,CZ,True
Laura Kneidl; Bianca Iosivoni,Temný amulet,CZ,True
Laura Kneidl; Bianca Iosivoni,Řeka času,CZ,True
Laura Kneidl; Bianca Iosivoni,Odstín smrti,CZ,True
Laura Kneidl; Bianca Iosivoni,Noční přísaha,CZ,True
Victor Dixen,Dvůr temnoty,CZ,True
Victor Dixen,Dvůr zázraků,CZ,True
Victor Dixen,Dvůr hurikánů,CZ,True
Margaret Rogerson,Vespertina,CZ,True
Stacia Stark,Dvůr tak krutý a krásný,CZ,True
Kerri Maniscalco,Trůn padlých,CZ,True
Sarah Beth Durst,Krámek s kouzly,CZ,True
Adalyn Grace,Belladonna,AJ,True
Adalyn Grace,Purpurea,CZ,True
Travis Baldree,Knihkupectví a kostní prach,CZ,True
Travis Baldree,Kafe a lattéčka,CZ,True
Laura Thalassa,Mor,CZ,True
Laura Thalassa,Válka,CZ,True
Darcey Coates,Duch domu Ashburnů,CZ,True
Darcey Coates,Tajemství sídla Craven Manor,CZ,True
Darcey Coates,Přízrak domu Carrowů,CZ,True
?,Harry Potter: Kouzelnický almanach,CZ,True
?,Vánoce v Bradavicích,CZ,True
?,Harry Potter a Kámen mudrců,CZ,True
?,Harry Potter a Tajemná komnata,CZ,True
?,Harry Potter a Vězeň z Azkabanu,CZ,True
?,Bajky barda Beedleho,CZ,True
?,Vánoční prasátko,CZ,True
?,Ikabog,CZ,True
Suzanne Collins,Aréna smrti,CZ,True
Suzanne Collins,Vražedná pomsta,CZ,True
Suzanne Collins,Síla vzdoru,CZ,True
Suzanne Collins,Balada o ptácích a hadech,CZ,True
Suzanne Collins,Úsvit sklizně,CZ,True
Suzanne Collins,The Hunger Games,AJ,True
Suzanne Collins,Catching Fire,AJ,True
Suzanne Collins,Mockingjay,AJ,True
Suzanne Collins,The Ballad of Songbirds and Snakes,AJ,True
J. K. Rowling,Prázdné místo,CZ,True
Roald Dahl,Obr Dobr,CZ,True
Cornelia Funkeová,Inkoustové srdce,CZ,True
Cornelia Funkeová,Inkoustová krev,CZ,True
Cornelia Funkeová,Inkoustová smrt,CZ,True
Trentovi; Smalleyovi,Strom pokladů,CZ,True
A. A. Milne,Medvídek Pú,CZ,True
Antoine de Saint-Exupéry,Malý princ,CZ,True
E. T. A. Hoffmann,Louskáček,CZ,True
J. M. Barrie,Petr Pan,CZ,True
Jan Karafiát,Brouček,CZ,True
Drahomíra Tišerová,Básně,CZ,True
?,Pratuří pohádky,CZ,True
C. S. Lewis,Letopisy Narnie 1,CZ,True
C. S. Lewis,Letopisy Narnie 2,CZ,True
C. S. Lewis,Letopisy Narnie 3,CZ,True
C. S. Lewis,Letopisy Narnie 4,CZ,True
C. S. Lewis,Letopisy Narnie 5,CZ,True
C. S. Lewis,Letopisy Narnie 6,CZ,True
C. S. Lewis,Letopisy Narnie 7,CZ,True
C. S. Lewis,Problém bolesti,CZ,True
C. S. Lewis,Svědectví o zármutku,CZ,True
C. S. Lewis,Čtyři lásky,CZ,True
Karin Lednická,Šikmý kostel 1,CZ,True
Karin Lednická,Šikmý kostel 2,CZ,True
Karin Lednická,Šikmý kostel 3,CZ,True
Karin Lednická,Životice,CZ,True
Caroline Lea Woodruff,Žena průkopníka,CZ,True
Michiko Aoyama,Co hledáš, najdeš v knihovně,CZ
Satoshi Yagisawa,Dny v knihkupectví Morisaki,CZ,True
Satoshi Yagisawa,Návrat do knihkupectví Morisaki,CZ,True
Genki Kawamura,Kdyby ze světa zmizely kočky,CZ,True
Lynn Messina,Nestoudná zvědavost,CZ,True
Lynn Messina,Skandální podvod,CZ,True
Lynn Messina,Hanebná zrada,CZ,True
Sarah Nisha Adams,Knihovna malých zázraků,CZ,True
Filip Rožek,Gump – Pes, který naučil lidi žít,CZ
Filip Rožek,Gump – Jsme dvojka,CZ,True
Jojo Moyes,Jeden plus jedna,CZ,True
Jojo Moyes,Než jsem tě poznala,CZ,True
Jojo Moyes,Život po tobě,CZ,True
Jojo Moyes,Sama sebou,CZ,True
Jojo Moyes,Dívka, již jsi tu zanechal,CZ
Jojo Moyes,Poslední dopis od tvé lásky,CZ,True
Jojo Moyes,Stříbrná zátoka,CZ,True
Jojo Moyes,Krasojezdkyně,CZ,True
Jojo Moyes,Schovej mě v dešti,CZ,True
Jojo Moyes,Jako hvězdy v temné noci,CZ,True
Jojo Moyes,Zakázané ovoce,CZ,True
Julie Caplin,Kavárna v Kodani,CZ,True
Julie Caplin,Pekárna v Brooklynu,CZ,True
Petr Brož,Geostorky,CZ,True
Sophie Lark,Nelítostný princ,CZ,True
Sophie Lark,Unesená dědička,CZ,True
Sophie Lark,Nespoutaný milenec,CZ,True
Sophie Lark,Krvavé srdce,CZ,True
Nela Míčková,Království v kameni,CZ,True
Jana Švecová,Legenda o Ladě,CZ,True
?,Úklid pro klid,CZ,True
Frank Herbert,Duna 1,CZ,True
Frank Herbert,Duna 2,CZ,True
Frank Herbert,Duna 3,CZ,True
Frank Herbert,Duna 4,CZ,True
Frank Herbert,Duna (grafický román) 1,CZ,True
Frank Herbert,Duna (grafický román) 2,CZ,True
Martha Wells,Deník robokata 1,CZ,True
Martha Wells,Deník robokata 2,CZ,True
Martha Wells,Deník robokata 3,CZ,True
Martha Wells,Deník robokata 4,CZ,True
Martha Wells,Deník robokata 5,CZ,True
Martha Wells,Deník robokata 6,CZ,True
Patrick Ness,Hlas nože,CZ,True
Patrick Ness,Válka hluku,CZ,True
Patrick Ness,Temný ráj,CZ,True
Douglas Adams,Stopařův průvodce galaxií 1,CZ,True
Douglas Adams,Stopařův průvodce galaxií 2,CZ,True
Douglas Adams,Stopařův průvodce galaxií 3,CZ,True
Douglas Adams,Stopařův průvodce galaxií 4,CZ,True
Douglas Adams,Stopařův průvodce galaxií 5,CZ,True
James Norbury,Panda a dráček,CZ,True
?,William Shakespeare kompletní dílo,CZ,True
William Shakespeare,Hamlet,CZ,True
William Shakespeare,Romeo a Julie,CZ,True
Umberto Eco,Jméno růže,CZ,True
Umberto Eco,Pražský hřbitov,CZ,True
George Orwell,1984,CZ,True
Alexander Puškin,Evžen Oněgin,CZ,True
Karel Hynek Mácha,Máj,CZ,True
Gustave Flaubert,Paní Bovaryová,CZ,True
Jane Austen,Pýcha a předsudek,CZ,True
Jane Austen,Rozum a cit,CZ,True
Victor Hugo,Chrám Matky Boží v Paříži,CZ,True
John Bunyan,Poutníkova cesta,CZ,True
Louisa May Alcott,Malé ženy,CZ,True
William Saroyan,Tracyho tygr,CZ,True
?,Králova třetí žena,CZ,True
Karel Čapek,R.U.R.,CZ,True
Elizabeth Kostova,V zemi stínů,CZ,True
J. M. Coetzee,Čekání na barbary,CZ,True
Jason Matthews,Rudá volavka,CZ,True
Rosie Walsh,Muž, který už nezavolal,CZ
Jonas Jonasson,Stoletý stařík, který vylezl z okna a zmizel,CZ
Jonas Jonasson,Analfabetka, která uměla počítat,CZ
Evžen Boček,Poslední aristokratka,CZ,True
Evžen Boček,Aristokratka ve varu,CZ,True
Paula Hawkins,Dívka ve vlaku,CZ,True
Ransom Riggs,Sirotčinec slečny Peregrinové pro podivné děti,CZ,True
Liane Moriarty,Jedna velká lež,CZ,True
Leon Uris,Exodus 1,CZ,True
Leon Uris,Exodus 2,CZ,True
Leon Uris,Lvi v průsmyku,CZ,True
Bodie Thoene,Brány Sionu,CZ,True
Bodie Thoene,Dcera sionská,CZ,True
Bodie Thoene,Návrat na Sion,CZ,True
Bodie Thoene,Světlo na Sionu,CZ,True
Bodie Thoene,Klíč k Sionu,CZ,True
Tomáš Sedláček,Ekonomie dobra a zla,CZ,True
Cecelia Ahern,P.S. Miluji tě,CZ,True
Mary Kay,Zázraky se dějí,CZ,True